commit,date,subject,ai_pct,lines_added,lines_deleted,source,notes
cafb674b289477378665805491168b242c0c927b,2026-08-25,"Initial commit, add README",0,1,0,override,Human-authored initial README
f7fd4c84f7169ec93a76716dade168935ea35b7d,2026-08-26,"Add plan for literature review, research plan, ethics, and bibliography",95,488,0,override,Cloud agent drafted plan scaffold from human brief; human set goals
dae2a25a87ab9a91326e1b4253d1233b38d10567,2026-08-26,Note Ethix has no submission API; ethics draft needs a field template,95,31,7,override,Cloud agent Ethix API research and plan update from human question
960eeebd4eb636bb0319d611b697ee1abbe9b752,2026-08-26,Add Ethix field-list next step and acceptance criteria,95,7,4,override,Cloud agent acceptance-criteria edit from human Ethix follow-up
90b24b1a7988d75250bb01953be18381dd15bc8a,2026-08-26,Split ethics umbrella and engineering plans; add AI attribution ledger,95,648,50,trailer,
9cccb3a8d15d575485c43068c25ab91d347afb64,2026-08-26,Refresh AI attribution summary after dual-plan commit,100,8,6,trailer,
1c2df79fb0639ecf69c42be9edc09c3482053cb3,2026-08-26,Include prior refresh commit in AI attribution ledger,100,8,6,trailer,
8cef07c4b55849ca6c05942f8eb4a95a5e7dbc56,2026-08-26,Rename engineering research plan to detailed research plan,90,25,25,trailer,
5c43f8b18e939dbf2ec92ca7e347d7a370e21ca3,2026-08-26,Refresh AI attribution after detailed-plan rename,100,10,6,trailer,
073f7fda6ae04b60fda04cfdc13b3cc0dda7d248,2026-09-01,Convert Ethix PDF to field map and add GitHub issues from plan,92,1776,2,trailer,
